"9999999999876;kien;sach;10;5"
"9999999999999;nguyenkien;truyen;6;4"
"9999999999875;kiennguyen;truyenbanhhoan;5;1"
"9999999999877;banthan;truyenbua;9;3"
"9999999999873;nguoiyeu;truyennhamnhi;9;6"
"9999999999876;kien;sach;10;5"
"9999999999999;nguyenkien;truyen;6;4"
"9999999999875;kiennguyen;truyenbanhhoan;5;1"
"9999999999877;banthan;truyenbua;9;3"
"9999999999873;nguoiyeu;truyennhamnhi;9;6"
"9999999999876;kien;sach;10;5"
"9999999999999;nguyenkien;truyen;6;4"
"9999999999875;kiennguyen;truyenbanhhoan;5;1"
"9999999999877;banthan;truyenbua;9;3"
"9999999999873;nguoiyeu;truyennhamnhi;9;6"
"9999999999876;kien;sach;10;5"
"9999999999999;nguyenkien;truyen;6;4"
"9999999999875;kiennguyen;truyenbanhhoan;5;1"
"9999999999877;banthan;truyenbua;9;3"
"9999999999873;nguoiyeu;truyennhamnhi;9;6"
"9999999999876;kien;sach;10;5"
"9999999999999;nguyenkien;truyen;6;4"
"9999999999875;kiennguyen;truyenbanhhoan;5;1"
"9999999999877;banthan;truyenbua;9;3"
"9999999999873;nguoiyeu;truyennhamnhi;9;6"
"9999999999876;kien;sach;10;5"
"9999999999999;nguyenkien;truyen;6;4"
"9999999999875;kiennguyen;truyenbanhhoan;5;1"
"9999999999877;banthan;truyenbua;9;3"
"9999999999873;nguoiyeu;truyennhamnhi;9;6"

